{
  "race": {
    "Other": 0.15258166491043204,
    "White": 0.2558599367270636
  },
  "gender": {
    "Female": 0.10946058861758426,
    "Male": 0.3057365764111978
  },
  "workclass": {
    "Government": 0.30820501034245,
    "Other/Unknown": 0.10285406569736133,
    "Private": 0.21867289390200917,
    "Self-Employed": 0.36806125239267157
  },
  "education": {
    "Assoc": 0.2556145365455288,
    "Bachelors": 0.4147525676937442,
    "Doctorate": 0.7409200968523002,
    "HS-grad": 0.15950861822683554,
    "Masters": 0.5565873476494486,
    "Prof-school": 0.734375,
    "School": 0.05737126734070068,
    "Some-college": 0.19023453572898094
  },
  "marital_status": {
    "Divorced": 0.10420886788206167,
    "Married": 0.43692028280469614,
    "Separated": 0.06439024390243903,
    "Single": 0.04596087241411589,
    "Widowed": 0.08559919436052367
  },
  "occupation": {
    "Blue-Collar": 0.16895249453388989,
    "Other/Unknown": 0.10367170626349892,
    "Professional": 0.44903381642512075,
    "Sales": 0.2693150684931507,
    "Service": 0.12587134037044415,
    "White-Collar": 0.3158499234303216
  }
}