{
  "test_pred": 0.13031,
  "cf_pred": 0.91384,
  "cf_std": 0.04621
}