{
  "test_pred": 0.01337,
  "cf_pred": 0.54682,
  "cf_std": 0.0
}