{
  "race": {
    "Other": 0.1519756838905775,
    "White": 0.25532424981020496
  },
  "gender": {
    "Female": 0.11017385042691082,
    "Male": 0.30480518817341573
  },
  "workclass": {
    "Government": 0.30779054916985954,
    "Other/Unknown": 0.10121212121212121,
    "Private": 0.2183108935128519,
    "Self-Employed": 0.3648159324079662
  },
  "education": {
    "Assoc": 0.2554249547920434,
    "Bachelors": 0.4133801362791658,
    "Doctorate": 0.7354497354497355,
    "HS-grad": 0.1577780124617172,
    "Masters": 0.5549057829759584,
    "Prof-school": 0.7248062015503876,
    "School": 0.05860709592641262,
    "Some-college": 0.19107306634056864
  },
  "marital_status": {
    "Divorced": 0.10608345902463549,
    "Married": 0.4356000576285838,
    "Separated": 0.06337271750805586,
    "Single": 0.04538373662893343,
    "Widowed": 0.08484162895927602
  },
  "occupation": {
    "Blue-Collar": 0.16892412729875564,
    "Other/Unknown": 0.10212765957446808,
    "Professional": 0.44357662267708053,
    "Sales": 0.27189502593835824,
    "Service": 0.12648743940061702,
    "White-Collar": 0.31574468085106383
  }
}