{
  "kl_loss": [
    0.4452651525671418,
    0.24077555335856773,
    0.13855744807704076,
    0.07854421733803041,
    0.04754782150927428,
    0.02912709187414195,
    0.01781848810512472,
    0.010854355651079802,
    0.006941685572618971,
    0.0042947390009774955
  ],
  "y_loss": [
    0.22365183765823776,
    0.2238160677858301,
    0.2240321938250516,
    0.22384444765142492,
    0.22380796336644404,
    0.22398245535992287,
    0.2240102031343692,
    0.22373295353876577,
    0.22365964586670334,
    0.22401473167780284
  ],
  "prox_loss": [
    1.3587011002205513,
    1.3585781761117883,
    1.358600461805189,
    1.3577977741086804,
    1.359458261245006,
    1.357592542429228,
    1.3586629097526137,
    1.3591644618962262,
    1.3595018757356179,
    1.3597889526470288
  ],
  "total_loss": [
    2.027618082793983,
    1.8231697984643884,
    1.7211901013915603,
    1.6601864357252378,
    1.6308140448621802,
    1.6107020941940513,
    1.600491604289493,
    1.593751763975298,
    1.5901032186843254,
    1.5880984406213503
  ]
}