{
  "kl_loss": [
    0.6181081658915469,
    0.3301158976790152,
    0.18762799617099135,
    0.10187237827401412,
    0.05711108607877242,
    0.03200637218297312,
    0.019362001545041016,
    0.011902536192026577,
    0.007649043182793416,
    0.005090539012790511
  ],
  "y_loss": [
    1.0497578570717259,
    1.049291044473648,
    1.0486634373664856,
    1.0495165460988094,
    1.0495024197979976,
    1.0495157257506722,
    1.0495341106464988,
    1.0491317338065098,
    1.0495599398487492,
    1.0492321174395711
  ],
  "prox_loss": [
    1.4240267700270604,
    1.4224350970042379,
    1.4233066423943168,
    1.421858288739857,
    1.421125619035018,
    1.4231475544603247,
    1.4242667085246037,
    1.4238131156093197,
    1.422486750703109,
    1.421878113558418
  ],
  "total_loss": [
    3.09189279142179,
    2.801842024451808,
    2.6595980681871114,
    2.5732472005643343,
    2.5277391201571415,
    2.5046696506048503,
    2.4931628013912,
    2.4848473699469316,
    2.479695731087735,
    2.4762007499995984
  ]
}