{
  "kl_loss": [
    1.051026067218265,
    0.42614147328847163,
    0.2056708597653621,
    0.1109690626932157,
    0.06265444192733313,
    0.03544352397423338,
    0.021652794304631046,
    0.014370927486468005,
    0.010345747920911055,
    0.0071298704526664035
  ],
  "y_loss": [
    0.22938406145250476,
    0.22941032736688047,
    0.22934138895692052,
    0.2293767409550177,
    0.22937481810112256,
    0.22936148337415746,
    0.22950240929384488,
    0.22924101513785286,
    0.22937178269431396,
    0.22938373161328807
  ],
  "prox_loss": [
    1.3118609254424636,
    1.311930989896929,
    1.3152607308851707,
    1.3123096388739508,
    1.3120743245691866,
    1.3123180592382275,
    1.312914961093181,
    1.3126679465577409,
    1.3133332326605514,
    1.312117945503544
  ],
  "total_loss": [
    2.5922710412257426,
    1.9674827923645843,
    1.750272973163708,
    1.6526554371859576,
    1.6041035845473006,
    1.577123070085371,
    1.5640701554917,
    1.556279891246074,
    1.5530507645091496,
    1.5486315440487217
  ]
}