{
  "test_pred": 0.12585,
  "cf_pred": 0.73796,
  "cf_std": 0.15401
}