{
  "test_pred": 0.11146,
  "cf_pred": 0.95923,
  "cf_std": 0.04129
}