{
  "job": {
    "admin.": 0.47587354409317806,
    "blue-collar": 0.3717728055077453,
    "entrepreneur": 0.35986159169550175,
    "housemaid": 0.3944223107569721,
    "management": 0.508182601205857,
    "retired": 0.6539007092198581,
    "self-employed": 0.4572192513368984,
    "services": 0.39659367396593675,
    "student": 0.7353846153846154,
    "technician": 0.46286065070595456,
    "unemployed": 0.5541795665634675,
    "unknown": 0.5166666666666667
  },
  "marital": {
    "divorced": 0.48157669237360756,
    "married": 0.43645251396648044,
    "single": 0.5403174603174603
  },
  "education": {
    "primary": 0.39020771513353114,
    "secondary": 0.44791029561671764,
    "tertiary": 0.5415173237753883,
    "unknown": 0.5135135135135135
  },
  "default": {
    "no": 0.47646940012118766,
    "yes": 0.32167832167832167
  },
  "housing": {
    "no": 0.5691930618401206,
    "yes": 0.3680658089010757
  },
  "loan": {
    "no": 0.49604130808950087,
    "yes": 0.33157894736842103
  },
  "contact": {
    "cellular": 0.543262606778727,
    "telephone": 0.5050651230101303,
    "unknown": 0.22519083969465647
  },
  "month": {
    "apr": 0.6209876543209877,
    "aug": 0.45095168374816985,
    "dec": 0.9191919191919192,
    "feb": 0.5663841807909604,
    "jan": 0.4152823920265781,
    "jul": 0.41310751104565535,
    "jun": 0.44858962693357596,
    "mar": 0.896414342629482,
    "may": 0.3292730844793713,
    "nov": 0.42939814814814814,
    "oct": 0.8271954674220963,
    "sep": 0.852233676975945
  },
  "poutcome": {
    "failure": 0.5128440366972477,
    "other": 0.5660377358490566,
    "success": 0.9120992761116856,
    "unknown": 0.4064705099187858
  }
}