{
  "kl_loss": [
    2.774921388239474,
    2.6156641244888306,
    2.544151695998939,
    2.5097500408017956,
    2.4867936533850594,
    2.426987789772652,
    2.38336714538368,
    2.3281511197219023,
    2.1934042685740702,
    2.1764681709779277
  ],
  "y_loss": [
    0.2410019511306608,
    0.24097856134176254,
    0.24096499484133077,
    0.24078639496017146,
    0.2407582037754961,
    0.24093285766807762,
    0.24074864427785617,
    0.24080044433877273,
    0.2405517125451887,
    0.24073015676962362
  ],
  "prox_loss": [
    1.2918899913091917,
    1.2906434906495583,
    1.288596912010296,
    1.2858233500171352,
    1.284804366730355,
    1.280578987018482,
    1.2816787474864237,
    1.2807706884435706,
    1.2844372069513477,
    1.283446556813008
  ],
  "total_loss": [
    4.3078133318875285,
    4.147286173459646,
    4.073713582915229,
    4.036359809540413,
    4.012356252283664,
    3.9484996280154667,
    3.9057945013046265,
    3.849722243644096,
    3.718393203374502,
    3.700644902280859
  ]
}