{
  "kl_loss": [
    0.20133925066023986,
    0.019292856879493225,
    0.0025966359526065626,
    0.0005469872486982935,
    0.00028639667184065214,
    0.00024168428600083772,
    0.00024791629288316243,
    0.00024121292616824895,
    0.0002500484853352266,
    0.0002517677236515222
  ],
  "y_loss": [
    0.45709879997521247,
    0.4571122028852698,
    0.45701600654231594,
    0.45692310574173617,
    0.4568714873371475,
    0.45708508723051217,
    0.4570829408375297,
    0.45713153504949855,
    0.45715331749653254,
    0.45702958169571684
  ],
  "prox_loss": [
    1.3545077213152188,
    1.3544868722049583,
    1.3542254549937611,
    1.3536776601486005,
    1.3538008724923523,
    1.3547197708620486,
    1.3539237024902984,
    1.3526291656368987,
    1.3536291579249025,
    1.354438254839479
  ],
  "total_loss": [
    2.0129457737204284,
    1.830891931463727,
    1.8138380923609094,
    1.8111477520835055,
    1.8109587543592678,
    1.8120465385006481,
    1.8112545576621228,
    1.8100019105150318,
    1.8110325270750391,
    1.811719601861448
  ]
}