{
  "kl_loss": [
    2.498724181508142,
    2.418804828576216,
    2.2765517334925534,
    2.1061197663229594,
    1.9371989436662729,
    1.904809789394769,
    1.9094399723793891,
    1.8992803588001121,
    1.9050133916649605,
    1.9091661858746385
  ],
  "y_loss": [
    0.4469936720811789,
    0.4471095529754018,
    0.4469180473974683,
    0.44695024610817274,
    0.4469716354930808,
    0.4468860780316701,
    0.44692761394295477,
    0.44696842959233785,
    0.4470399857506039,
    0.4470240980621398
  ],
  "prox_loss": [
    1.3877893983535565,
    1.3768497179812333,
    1.37880304447935,
    1.3845074398936874,
    1.390491084163896,
    1.3929048338587202,
    1.391794948127326,
    1.3926352140471692,
    1.3923367602931547,
    1.392599499131751
  ],
  "total_loss": [
    4.333507253116197,
    4.242764105008343,
    4.102272812775739,
    3.9375774478662047,
    3.774661652372265,
    3.7446007027713644,
    3.74816253742208,
    3.73888400783689,
    3.7443901409940143,
    3.7487897841636277
  ]
}