{
  "flow_loss": [
    69.01517998807816,
    67.64556422504275,
    66.8093369413151,
    66.6576418980761,
    66.7625989789005,
    66.67033878476339,
    66.3688920116841,
    65.47074621941846,
    65.61611134724846,
    63.65406897598999
  ],
  "y_loss": [
    2.1273475480652273,
    0.9150023112911324,
    0.7809458510323903,
    0.7486836759284073,
    0.7334790066470225,
    0.722626985225615,
    0.7895206140118395,
    0.9081895014995051,
    0.9939833555419372,
    0.9267671624906199
  ],
  "prox_loss": [
    0.549636359070326,
    0.6151275968577664,
    0.6232259631417204,
    0.6223061760830567,
    0.6150328779845259,
    0.6136105753578994,
    0.6346988082582774,
    0.8050383145241758,
    0.7961871243980774,
    0.8835359092102301
  ],
  "causal_loss": [
    0.10488966626814653,
    0.035433307564085324,
    0.030038075300958415,
    0.02801396201342328,
    0.02625511630487071,
    0.02572288866079612,
    0.03252560402089771,
    0.029443599043747482,
    0.09377124891301218,
    0.06709355301443308
  ],
  "total_loss": [
    3.4720253606029994,
    2.242018843321821,
    2.102303248305508,
    2.0655802230647557,
    2.042392974597398,
    2.028663820054333,
    2.1204339284043123,
    2.397378858260192,
    2.5401028282777713,
    2.513937296565443
  ]
}