{
  "flow_loss": [
    64.76493013437026,
    63.98167079014415,
    62.77985028644872,
    62.69703102612433,
    62.63747816511339,
    62.25313522058522,
    62.427093666056635,
    62.00676160597113,
    66.80247181169004,
    61.19661062846347
  ],
  "y_loss": [
    2.680952919749763,
    1.2222848720750783,
    0.9145376336543266,
    0.8745037725591284,
    0.8559508517658304,
    0.8277559851411134,
    0.8112324876735216,
    0.8377214368246985,
    1.18838132976547,
    0.8837292799799461
  ],
  "prox_loss": [
    0.5950233380938452,
    0.6627228663662287,
    0.6867659544068685,
    0.6891019724485442,
    0.6904809332582269,
    0.6970258348882981,
    0.6971741296018515,
    0.7842284747621832,
    0.6959116828879659,
    0.7912736470930846
  ],
  "total_loss": [
    3.9236255449260002,
    2.5248244296847364,
    2.229102075569273,
    2.190576042715959,
    2.172806559898096,
    2.147313153336993,
    2.132677540691506,
    2.242017510369068,
    2.552317715692395,
    2.286969023739572
  ]
}