{
  "kl_loss": [
    0.3863338375772078,
    0.011155714227737286,
    0.0007863493040882373,
    0.00017777827639087516,
    0.00011948877711031156,
    0.0001304693826155864,
    0.00013296347482098155,
    0.00014986447940899543,
    0.0001453337903312356,
    0.00016152940320341146
  ],
  "y_loss": [
    0.4400109048747015,
    0.44000792808420075,
    0.4399973337888092,
    0.44000171426087226,
    0.44003287693021176,
    0.44007475193091267,
    0.4401872135366355,
    0.4400444054228114,
    0.4400507122512877,
    0.4400241958500519
  ],
  "prox_loss": [
    1.3894097632936293,
    1.3880525777346193,
    1.3885848941452548,
    1.3877475605862035,
    1.3886252754316555,
    1.3885038215031462,
    1.387545115678642,
    1.388225642402028,
    1.3876019935282509,
    1.3876518158149218
  ],
  "total_loss": [
    2.2157545108494796,
    1.8392162210359349,
    1.8293685775416417,
    1.8279270534440288,
    1.8287776430135012,
    1.8287090397882337,
    1.8278652930197128,
    1.8284199118927082,
    1.8277980420846014,
    1.8278375375927902
  ]
}