{
  "test_pred": 0.15598,
  "cf_pred": 0.60043,
  "cf_std": 0.10411
}