{
  "test_pred": 0.13905,
  "cf_pred": 0.75242,
  "cf_std": 0.07345
}