{
  "gender": {
    "Female": 0.27124078230201987,
    "Male": 0.2586475537550639
  },
  "SeniorCitizen": {
    "0": 0.2352497643732328,
    "1": 0.41837732160312807
  },
  "Partner": {
    "No": 0.3299847792998478,
    "Yes": 0.19454485704896485
  },
  "Dependents": {
    "No": 0.31303563373928733,
    "Yes": 0.15205913410770855
  },
  "PhoneService": {
    "No": 0.25,
    "Yes": 0.266445066480056
  },
  "MultipleLines": {
    "No": 0.2506527415143603,
    "No phone service": 0.25,
    "Yes": 0.28469079939668174
  },
  "InternetService": {
    "DSL": 0.18790397045244692,
    "Fiber optic": 0.4182209469153515,
    "No": 0.07496360989810771
  },
  "OnlineSecurity": {
    "No": 0.4186862244897959,
    "No internet service": 0.07496360989810771,
    "Yes": 0.14301430143014301
  },
  "OnlineBackup": {
    "No": 0.39934947596675097,
    "No internet service": 0.07496360989810771,
    "Yes": 0.2139917695473251
  },
  "DeviceProtection": {
    "No": 0.38848920863309355,
    "No internet service": 0.07496360989810771,
    "Yes": 0.22677092916283348
  },
  "TechSupport": {
    "No": 0.415863840719332,
    "No internet service": 0.07496360989810771,
    "Yes": 0.15108695652173912
  },
  "StreamingTV": {
    "No": 0.33518225039619653,
    "No internet service": 0.07496360989810771,
    "Yes": 0.29917695473251027
  },
  "StreamingMovies": {
    "No": 0.3361513687600644,
    "No internet service": 0.07496360989810771,
    "Yes": 0.2987854251012146
  },
  "Contract": {
    "Month-to-month": 0.42555015718776795,
    "One year": 0.10831426392067124,
    "Two year": 0.029644268774703556
  },
  "PaperlessBilling": {
    "No": 0.1654368932038835,
    "Yes": 0.33306687982946975
  },
  "PaymentMethod": {
    "Bank transfer (automatic)": 0.1731474688187821,
    "Credit card (automatic)": 0.1506949524506218,
    "Electronic check": 0.4471468662301216,
    "Mailed check": 0.19041095890410958
  }
}