{
  "kl_loss": [
    1.3757754917207516,
    0.5307786566646475,
    0.23790494666287773,
    0.11206554582244471,
    0.05434626394784764,
    0.02810541055116214,
    0.015285389007706391,
    0.009132979970768486,
    0.005541433929465711,
    0.0035208826670178064
  ],
  "y_loss": [
    1.0618734124459719,
    1.0615538829251339,
    1.062040211338746,
    1.0618123019996442,
    1.0614808029250096,
    1.061984071606084,
    1.0613171583727787,
    1.0618464758521633,
    1.0620891969454915,
    1.061197480088786
  ],
  "prox_loss": [
    1.417287185003883,
    1.417851220620306,
    1.4182926385026229,
    1.4195476550804942,
    1.4193569217857562,
    1.4200207559685958,
    1.4186488405654305,
    1.4184385757697255,
    1.420233960214414,
    1.4196854061202
  ],
  "total_loss": [
    3.8549360852492485,
    3.010183754720186,
    2.7182378078761853,
    2.5934254934913232,
    2.5351840006677726,
    2.5101102245481393,
    2.495251395200428,
    2.489418048607676,
    2.487864579025068,
    2.4844037545354745
  ]
}