{"adult": {"proximity": [[-3.0978546214103697, -3.097684885263443, -3.096877946853638, -3.0971816194057467, -3.0975812709331514, -3.0963833892345427, -3.097466847896576, -3.097231721878052, -3.0978283607959747, -3.097888845205307], [-3.0481479835510252, -3.048271381855011, -3.048318010568619, -3.047828584909439, -3.048311678171158, -3.047962723970413, -3.0485697293281557, -3.0483364057540894, -3.048704731464386, -3.0483071494102476], [-3.13135897397995, -3.1310662734508514, -3.130982319116592, -3.1313751018047333, -3.1310692799091338, -3.1318103849887846, -3.1315291726589205, -3.1305952954292295, -3.131169468164444, -3.130857013463974], [-2.408799923658371, -3.4561688566207884, -4.590955002307892, -5.775924882888794, -6.959238138198852, -8.16832603931427, -9.37965805053711, -10.540183906555177, -11.728543348312378, -12.952058334350586]], "validity": [[1.0, 1.0, 1.0, 1.0, 1.0, 1.0, 1.0, 1.0, 1.0, 1.0], [1.0, 1.0, 1.0, 0.9998999999999999, 1.0, 1.0, 0.9999000000000001, 0.9999000000000001, 1.0, 0.9998999999999999], [1.0, 1.0, 1.0, 1.0, 1.0, 1.0, 1.0, 1.0, 1.0, 1.0], [0.9873999999999996, 0.9795999999999997, 0.9665999999999997, 0.9529, 0.9364999999999998, 0.9179999999999998, 0.9099999999999995, 0.8996000000000002, 0.8800999999999999, 0.8756999999999998]], "inner_diversity": [[-0.9769085839248668, -0.9769091803065452, -0.9766896869368026, -0.9769208507636581, -0.9767649852566045, -0.9769105030198287, -0.9768775992979912, -0.9769699531968193, -0.9767850584196325, -0.9770639927759313], [-0.9745201437487748, -0.9747426546925246, -0.9745673942299802, -0.9745673847125031, -0.974568567810396, -0.9745223352126401, -0.9744238472850636, -0.9743189055153819, -0.9742799874969209, -0.9744710715680415], [-0.9869564675710418, -0.9868105719449543, -0.9867783078730706, -0.986835026960421, -0.9869095916855217, -0.9870680236139683, -0.9868869895326966, -0.9868683007259562, -0.9869136954769947, -0.9868239367406774], [-0.773137872185276, -0.5184944509753161, -0.3883282461576036, -0.3262327580192847, -0.2992197504367732, -0.27928515744060234, -0.2815479914696597, -0.27888115965597077, -0.27062274814025766, -0.27323040312566066]], "outer_diversity": [[-0.9999522470705436, -0.9999463415627527, -0.9999541996705411, -0.9999479535854224, -0.9999477594789833, -0.999951083214596, -0.9999478616136493, -0.9999539080653528, -0.9999524924971841, -0.9999485872008583], [-0.999954258889863, -0.9999549029812669, -0.9999526819074996, -0.9999510711010057, -0.999953385278432, -0.9999530691450292, -0.9999561353163285, -0.9999492706674518, -0.9999460453457303, -0.9999516084940746], [-0.9999601349445304, -0.9999666903476523, -0.9999647640459465, -0.9999640808683453, -0.9999639679566779, -0.9999620753827722, -0.9999616910953715, -0.9999634873024141, -0.9999629467183894, -0.9999628028845546], [-0.34368404325417645, -0.43576092849316245, -0.5431742357150322, -0.6439931852321583, -0.7230060461321564, -0.7907673316674703, -0.8332999315105304, -0.8687802019926033, -0.895482438200652, -0.9094065456257926]]}, "bank": {"proximity": [[-4.519838893413544, -4.519347100257874, -4.519847543239593, -4.519500453472137, -4.519713017940521, -4.519182422161102, -4.51979195356369, -4.519306170940399, -4.520065236091614, -4.520025124549866], [-4.549107947349548, -4.548532750606537, -4.548373303413391, -4.54831554889679, -4.54816472530365, -4.548970041275024, -4.548623912334442, -4.5481949496269225, -4.548977644443512, -4.549134202003479], [-4.502507178783417, -4.503285660743713, -4.502403874397277, -4.50219872713089, -4.502082085609436, -4.503141124248504, -4.502705245018006, -4.5021867752075195, -4.502557907104492, -4.501973209381103], [-2.8030129575729372, -4.922717909812928, -7.06546570777893, -9.224360847473145, -11.338111753463744, -13.579785900115967, -15.701703147888184, -17.90235845565796, -20.15363265991211, -22.29622573852539]], "validity": [[1.0, 1.0, 1.0, 1.0, 1.0, 1.0, 1.0, 1.0, 1.0, 1.0], [1.0, 1.0, 1.0, 1.0, 1.0, 1.0, 1.0, 1.0, 1.0, 1.0], [1.0, 1.0, 1.0, 1.0, 1.0, 1.0, 1.0, 1.0, 1.0, 1.0], [0.9704999999999996, 0.9882999999999997, 0.9925999999999996, 0.9878999999999994, 0.9840999999999996, 0.9788999999999998, 0.9773999999999995, 0.9706999999999998, 0.9677000000000003, 0.9646999999999996]], "inner_diversity": [[-0.9747029679800524, -0.9743878783041785, -0.9747083764473602, -0.9747519266730602, -0.974762204047044, -0.9744947116244922, -0.9749489191722384, -0.9746729970138481, -0.9747942451392758, -0.9747106684434289], [-0.9754135771321526, -0.9756481551272698, -0.9753145355429311, -0.9755313921167393, -0.9754363418848828, -0.975347202305481, -0.9755690587348407, -0.975404717343142, -0.9754193415356412, -0.9753767101935666], [-0.9636499801841648, -0.9639433129562271, -0.9640121561488723, -0.9639104215077683, -0.9640265287502849, -0.96349876798295, -0.9639073012403767, -0.9640058832812787, -0.96399687405343, -0.9640134985078475], [-0.6717576588036668, -0.38349975071183345, -0.2473088668522378, -0.1729887946700255, -0.13087312851455032, -0.10350194738493876, -0.08570914321279163, -0.07187125970520279, -0.06310581344307561, -0.05724928412245407]], "outer_diversity": [[-0.9999532996524464, -0.99995672206686, -0.9999506219468935, -0.9999528904153843, -0.9999500982448308, -0.9999474873928108, -0.9999447724674687, -0.9999523175003553, -0.999954157778711, -0.9999478565803682], [-0.9999460161334336, -0.9999403111742, -0.9999502634159242, -0.999942992612569, -0.9999442982191992, -0.9999460842633489, -0.9999464058996451, -0.9999419991897814, -0.9999475274423156, -0.9999473825970081], [-0.9999328330550531, -0.9999352168314385, -0.9999259015646847, -0.9999364747423114, -0.9999233368671302, -0.9999313752578967, -0.9999307552612189, -0.9999296211112629, -0.9999239165493936, -0.9999280548216116], [-0.1251645482005081, -0.2116791461909077, -0.2778807601401808, -0.3361058129885262, -0.37178267906895, -0.42902272314021384, -0.4649964756575046, -0.4950844416046995, -0.5287543687514132, -0.5353099045848634]]}, "churn": {"proximity": [[-5.291431655883789, -5.291888148784637, -5.29276880979538, -5.2918421125411985, -5.292076807022095, -5.2919128489494325, -5.2921722435951235, -5.291520552635193, -5.291527194976807, -5.292631723880768], [-5.241733820438385, -5.241989026069641, -5.241965198516846, -5.241812007427216, -5.242196419239044, -5.242283051013946, -5.242090427875519, -5.241018433570861, -5.241897988319397, -5.24145932674408], [-5.319091403484345, -5.319182553291321, -5.319062721729279, -5.318954448699952, -5.319346950054169, -5.31948933839798, -5.318744742870331, -5.318697385787964, -5.3184782719612125, -5.318803598880768], [-3.584652421474457, -6.2343535900115965, -8.942930870056152, -11.702070779800415, -14.401786804199219, -17.378204622268676, -20.23462148666382, -23.0363041305542, -25.880982303619383, -28.860566749572754]], "validity": [[0.9319000000000002, 0.9320000000000002, 0.9327999999999999, 0.9329999999999999, 0.9325, 0.9318999999999997, 0.9303999999999998, 0.9327, 0.9320999999999999, 0.9309999999999999], [0.8264999999999999, 0.8292, 0.8285000000000001, 0.8258, 0.8290999999999998, 0.8273999999999999, 0.8279999999999998, 0.8274000000000001, 0.8286, 0.8273999999999999], [0.8452, 0.8467999999999999, 0.8475999999999999, 0.8473, 0.8460000000000001, 0.846, 0.8453999999999999, 0.8441, 0.8453999999999999, 0.8459], [0.9449999999999993, 0.9695, 0.976, 0.9725999999999998, 0.9730999999999999, 0.9690999999999999, 0.9683999999999997, 0.9655999999999999, 0.9650999999999993, 0.9675999999999996]],