{
  "kl_loss": [
    3.0536830456633317,
    2.7687148890997233,
    2.630568949799789,
    2.545871549531033,
    2.5253321183355233,
    2.4778940959980615,
    2.411060166986365,
    2.358694907866026,
    2.357044191736924,
    2.3382110187881873
  ],
  "y_loss": [
    1.0756821585328955,
    1.0760203145052258,
    1.0756890224783044,
    1.0759343708816327,
    1.0762209766789486,
    1.0761287212371826,
    1.076138491693296,
    1.0761295353111469,
    1.0762603533895392,
    1.0768620905123258
  ],
  "prox_loss": [
    1.4241729206160496,
    1.4250860026008205,
    1.4230802388567674,
    1.4207555086989152,
    1.4197615400740975,
    1.418238302594737,
    1.4176808438803021,
    1.417626308767419,
    1.4169361387428485,
    1.4162984945272143
  ],
  "total_loss": [
    5.553538127949364,
    5.269821223459746,
    5.129338201723601,
    5.042561455776817,
    5.021314627245853,
    4.972261102576005,
    4.904879475894727,
    4.852450766061482,
    4.8502406572040755,
    4.831371589710838
  ]
}