{
  "flow_loss": [
    112.16454583245354,
    125.01359465315535,
    121.4627310263144,
    117.83674425692172,
    116.03323384877798,
    115.68213055584881,
    114.93971737011059,
    113.99873692280538,
    113.47148183874182,
    113.44397941795555
  ],
  "y_loss": [
    3.113121061711698,
    1.893828160859443,
    0.8665436107564617,
    0.6272358310383719,
    0.5427697510332674,
    0.4903329232254544,
    0.44489294854370326,
    0.42911969830055496,
    0.391906271713811,
    0.3573215422598091
  ],
  "prox_loss": [
    0.7992738976671889,
    0.5674079874077359,
    0.7054225456070256,
    0.6354148347635526,
    0.5940308127854321,
    0.5724946792061264,
    0.5644822668384861,
    0.548639215730332,
    0.5366870483031144,
    0.525109140856846
  ],
  "total_loss": [
    5.034040463937296,
    3.7113720694103756,
    2.7865934339729517,
    2.441018091665732,
    2.297132862580789,
    2.219648884760367,
    2.158772386409141,
    2.1177462629369788,
    2.0633081181629285,
    2.0168704454963273
  ]
}