{
  "flow_loss": [
    133.92645263671875,
    141.3898696899414,
    149.84965454904656,
    150.45773335507042,
    144.63662980732164,
    141.78983848973326,
    141.89740994102075,
    141.71834042197779,
    141.2657840126439,
    141.23810035304018
  ],
  "y_loss": [
    3.072989482628672,
    2.767118695535158,
    2.651478814451318,
    2.591117915354277,
    1.779596717734086,
    1.5115582566512258,
    1.4669681269871562,
    1.4216767753425397,
    1.3576461861008091,
    1.3196065818008624
  ],
  "prox_loss": [
    1.0362472957686375,
    0.4448827705100963,
    0.23869387491753227,
    0.2316712699830532,
    0.5584142041441641,
    0.6677692132560831,
    0.6747020075195714,
    0.6896109643735384,
    0.7093185554993781,
    0.7250251777862248
  ],
  "total_loss": [
    5.448501298302098,
    4.6259000991520125,
    4.388669189653899,
    4.327366471290588,
    3.7843771953331795,
    3.5972258229004708,
    3.560644218796178,
    3.528471096565849,
    3.4796225365839506,
    3.457012719229648
  ]
}